http://vivo.brown.edu/individual/org-brown-univ-dept707,org-brown-univ-dept707
http://vivo.brown.edu/individual/org-brown-univ-dept70,org-brown-univ-dept70
http://vivo.brown.edu/individual/org-brown-univ-dept602,org-brown-univ-dept602
http://vivo.brown.edu/individual/org-brown-univ-dept137,org-brown-univ-dept137
http://vivo.brown.edu/individual/org-brown-univ-dept6,org-brown-univ-dept6
http://vivo.brown.edu/individual/org-brown-univ-dept29,org-brown-univ-dept29
http://vivo.brown.edu/individual/org-brown-univ-dept140,org-brown-univ-dept140
http://vivo.brown.edu/individual/org-brown-univ-dept254,org-brown-univ-dept254
http://vivo.brown.edu/individual/org-brown-univ-dept362,org-brown-univ-dept362
http://vivo.brown.edu/individual/org-brown-univ-dept10,org-brown-univ-dept10
http://vivo.brown.edu/individual/org-brown-univ-dept13,org-brown-univ-dept13
http://vivo.brown.edu/individual/org-brown-univ-dept24,org-brown-univ-dept24
http://vivo.brown.edu/individual/org-brown-univ-dept221,org-brown-univ-dept221
http://vivo.brown.edu/individual/org-brown-univ-dept263,org-brown-univ-dept263
http://vivo.brown.edu/individual/org-brown-univ-dept20,org-brown-univ-dept20
http://vivo.brown.edu/individual/org-brown-univ-dept266,org-brown-univ-dept266
http://vivo.brown.edu/individual/org-brown-univ-dept9,org-brown-univ-dept9
http://vivo.brown.edu/individual/org-brown-univ-dept231,org-brown-univ-dept231
http://vivo.brown.edu/individual/org-brown-univ-dept15,org-brown-univ-dept15
http://vivo.brown.edu/individual/org-brown-univ-dept42,org-brown-univ-dept42
http://vivo.brown.edu/individual/org-brown-univ-dept246,org-brown-univ-dept246
http://vivo.brown.edu/individual/org-brown-univ-dept41,org-brown-univ-dept41
http://vivo.brown.edu/individual/org-brown-univ-dept31,org-brown-univ-dept31
http://vivo.brown.edu/individual/org-brown-univ-dept35,org-brown-univ-dept35
http://vivo.brown.edu/individual/org-brown-univ-dept14,org-brown-univ-dept14
http://vivo.brown.edu/individual/org-brown-univ-dept27,org-brown-univ-dept27
http://vivo.brown.edu/individual/org-brown-univ-dept265,org-brown-univ-dept265
http://vivo.brown.edu/individual/org-brown-univ-dept69,org-brown-univ-dept69
http://vivo.brown.edu/individual/org-brown-univ-dept236,org-brown-univ-dept236
http://vivo.brown.edu/individual/org-brown-univ-dept281,org-brown-univ-dept281
http://vivo.brown.edu/individual/org-brown-univ-dept49,org-brown-univ-dept49
http://vivo.brown.edu/individual/org-brown-univ-dept423,org-brown-univ-dept423
http://vivo.brown.edu/individual/org-brown-univ-dept67,org-brown-univ-dept67
http://vivo.brown.edu/individual/org-brown-univ-dept235,org-brown-univ-dept235
http://vivo.brown.edu/individual/org-brown-univ-dept213,org-brown-univ-dept213
http://vivo.brown.edu/individual/org-brown-univ-dept40,org-brown-univ-dept40
http://vivo.brown.edu/individual/org-brown-univ-dept543,org-brown-univ-dept543
http://vivo.brown.edu/individual/org-brown-univ-dept288,org-brown-univ-dept288
http://vivo.brown.edu/individual/org-brown-univ-dept77,org-brown-univ-dept77
http://vivo.brown.edu/individual/org-brown-univ-dept45,org-brown-univ-dept45
http://vivo.brown.edu/individual/org-brown-univ-dept5,org-brown-univ-dept5
http://vivo.brown.edu/individual/org-brown-univ-dept230,org-brown-univ-dept230
http://vivo.brown.edu/individual/org-brown-univ-dept75,org-brown-univ-dept75
http://vivo.brown.edu/individual/org-brown-univ-dept748,org-brown-univ-dept748
http://vivo.brown.edu/individual/org-brown-univ-dept12,org-brown-univ-dept12
http://vivo.brown.edu/individual/org-brown-univ-dept85,org-brown-univ-dept85
http://vivo.brown.edu/individual/org-brown-univ-dept54,org-brown-univ-dept54
http://vivo.brown.edu/individual/org-brown-univ-dept21,org-brown-univ-dept21
http://vivo.brown.edu/individual/org-brown-univ-dept50,org-brown-univ-dept50
http://vivo.brown.edu/individual/org-brown-univ-dept26,org-brown-univ-dept26
http://vivo.brown.edu/individual/org-brown-univ-dept17,org-brown-univ-dept17
http://vivo.brown.edu/individual/org-brown-univ-dept482,org-brown-univ-dept482
http://vivo.brown.edu/individual/org-brown-univ-dept25,org-brown-univ-dept25
http://vivo.brown.edu/individual/org-brown-univ-dept37,org-brown-univ-dept37
http://vivo.brown.edu/individual/org-brown-univ-dept668,org-brown-univ-dept668
http://vivo.brown.edu/individual/org-brown-univ-dept131,org-brown-univ-dept131
http://vivo.brown.edu/individual/org-brown-univ-dept28,org-brown-univ-dept28
http://vivo.brown.edu/individual/org-brown-univ-dept286,org-brown-univ-dept286
http://vivo.brown.edu/individual/org-brown-univ-dept422,org-brown-univ-dept422
http://vivo.brown.edu/individual/org-brown-univ-dept605,org-brown-univ-dept605
http://vivo.brown.edu/individual/org-brown-univ-dept367,org-brown-univ-dept367
http://vivo.brown.edu/individual/org-brown-univ-dept258,org-brown-univ-dept258
http://vivo.brown.edu/individual/org-brown-univ-dept44,org-brown-univ-dept44
http://vivo.brown.edu/individual/org-brown-univ-dept78,org-brown-univ-dept78
http://vivo.brown.edu/individual/org-brown-univ-dept3,org-brown-univ-dept3
http://vivo.brown.edu/individual/org-brown-univ-dept669,org-brown-univ-dept669
http://vivo.brown.edu/individual/org-brown-univ-dept7,org-brown-univ-dept7
http://vivo.brown.edu/individual/org-brown-univ-dept219,org-brown-univ-dept219
http://vivo.brown.edu/individual/org-brown-univ-dept787,org-brown-univ-dept787
http://vivo.brown.edu/individual/org-brown-univ-dept72,org-brown-univ-dept72
http://vivo.brown.edu/individual/org-brown-univ-dept11,org-brown-univ-dept11
http://vivo.brown.edu/individual/org-brown-univ-dept34,org-brown-univ-dept34
http://vivo.brown.edu/individual/org-brown-univ-dept260,org-brown-univ-dept260
http://vivo.brown.edu/individual/org-brown-univ-dept382,org-brown-univ-dept382
http://vivo.brown.edu/individual/org-brown-univ-dept522,org-brown-univ-dept522
http://vivo.brown.edu/individual/org-brown-univ-dept8,org-brown-univ-dept8
http://vivo.brown.edu/individual/org-brown-univ-dept582,org-brown-univ-dept582
http://vivo.brown.edu/individual/org-brown-univ-dept36,org-brown-univ-dept36
http://vivo.brown.edu/individual/org-brown-univ-dept322,org-brown-univ-dept322
http://vivo.brown.edu/individual/org-brown-univ-dept727,org-brown-univ-dept727
http://vivo.brown.edu/individual/org-brown-univ-dept270,org-brown-univ-dept270
http://vivo.brown.edu/individual/org-brown-univ-dept291,org-brown-univ-dept291
http://vivo.brown.edu/individual/org-brown-univ-dept224,org-brown-univ-dept224
http://vivo.brown.edu/individual/org-brown-univ-dept228,org-brown-univ-dept228
http://vivo.brown.edu/individual/org-brown-univ-dept55,org-brown-univ-dept55
http://vivo.brown.edu/individual/org-brown-univ-dept627,org-brown-univ-dept627
http://vivo.brown.edu/individual/org-brown-univ-dept19,org-brown-univ-dept19
http://vivo.brown.edu/individual/org-brown-univ-dept57,org-brown-univ-dept57
http://vivo.brown.edu/individual/org-brown-univ-dept229,org-brown-univ-dept229
http://vivo.brown.edu/individual/org-brown-univ-dept264,org-brown-univ-dept264
http://vivo.brown.edu/individual/org-brown-univ-dept293,org-brown-univ-dept293
http://vivo.brown.edu/individual/org-brown-univ-dept603,org-brown-univ-dept603
http://vivo.brown.edu/individual/org-brown-univ-dept30,org-brown-univ-dept30
http://vivo.brown.edu/individual/org-brown-univ-dept232,org-brown-univ-dept232
http://vivo.brown.edu/individual/org-brown-univ-dept56,org-brown-univ-dept56
http://vivo.brown.edu/individual/org-brown-univ-dept284,org-brown-univ-dept284
http://vivo.brown.edu/individual/org-brown-univ-dept280,org-brown-univ-dept280
http://vivo.brown.edu/individual/org-brown-univ-dept261,org-brown-univ-dept261
http://vivo.brown.edu/individual/org-brown-univ-dept73,org-brown-univ-dept73
http://vivo.brown.edu/individual/org-brown-univ-dept52,org-brown-univ-dept52
http://vivo.brown.edu/individual/org-brown-univ-dept139,org-brown-univ-dept139
http://vivo.brown.edu/individual/org-brown-univ-dept628,org-brown-univ-dept628
http://vivo.brown.edu/individual/org-brown-univ-dept32,org-brown-univ-dept32
http://vivo.brown.edu/individual/org-brown-univ-dept124,org-brown-univ-dept124
http://vivo.brown.edu/individual/org-brown-univ-dept71,org-brown-univ-dept71
http://vivo.brown.edu/individual/org-brown-univ-dept606,org-brown-univ-dept606
http://vivo.brown.edu/individual/org-brown-univ-dept22,org-brown-univ-dept22
http://vivo.brown.edu/individual/org-brown-univ-dept84,org-brown-univ-dept84
http://vivo.brown.edu/individual/org-brown-univ-dept39,org-brown-univ-dept39
http://vivo.brown.edu/individual/org-brown-univ-dept145,org-brown-univ-dept145
http://vivo.brown.edu/individual/org-brown-univ-dept262,org-brown-univ-dept262
http://vivo.brown.edu/individual/org-brown-univ-dept53,org-brown-univ-dept53
http://vivo.brown.edu/individual/org-brown-univ-dept268,org-brown-univ-dept268
http://vivo.brown.edu/individual/org-brown-univ-dept292,org-brown-univ-dept292
http://vivo.brown.edu/individual/org-brown-univ-dept240,org-brown-univ-dept240
http://vivo.brown.edu/individual/org-brown-univ-dept214,org-brown-univ-dept214
http://vivo.brown.edu/individual/org-brown-univ-dept58,org-brown-univ-dept58
http://vivo.brown.edu/individual/org-brown-univ-dept144,org-brown-univ-dept144
http://vivo.brown.edu/individual/org-brown-univ-dept667,org-brown-univ-dept667
http://vivo.brown.edu/individual/org-brown-univ-dept542,org-brown-univ-dept542
http://vivo.brown.edu/individual/org-brown-univ-dept62,org-brown-univ-dept62
http://vivo.brown.edu/individual/org-brown-univ-dept51,org-brown-univ-dept51
http://vivo.brown.edu/individual/org-brown-univ-dept43,org-brown-univ-dept43
http://vivo.brown.edu/individual/org-brown-univ-dept234,org-brown-univ-dept234
http://vivo.brown.edu/individual/org-brown-univ-dept687,org-brown-univ-dept687
http://vivo.brown.edu/individual/org-brown-univ-dept278,org-brown-univ-dept278
http://vivo.brown.edu/individual/org-brown-univ-dept46,org-brown-univ-dept46
http://vivo.brown.edu/individual/org-brown-univ-dept23,org-brown-univ-dept23
http://vivo.brown.edu/individual/org-brown-univ-dept127,org-brown-univ-dept127
http://vivo.brown.edu/individual/org-brown-univ-dept562,org-brown-univ-dept562
http://vivo.brown.edu/individual/org-brown-univ-dept250,org-brown-univ-dept250
http://vivo.brown.edu/individual/org-brown-univ-dept366,org-brown-univ-dept366
